1|Bert Rodriguez|(865) 220-7223|Aliquam@nisinibh.ca|2016-09-10T12:54:08-07:00|Bibendum Limited|5297664632210500
2|Leilani Keith|(736) 708-7635|magna.Duis.dignissim@auguescelerisque.org|2016-01-27T22:01:08-08:00|Aliquam Ornare LLC|4856086268927902
3|Indigo Sandoval|(524) 685-5476|enim@sedorcilobortis.co.uk|2015-11-13T04:14:41-08:00|Magna Cras Associates|4260337827261539
4|Joelle K. Hawkins|(580) 530-7614|Mauris.quis.turpis@posuereenimnisl.co.uk|2015-10-08T13:00:51-07:00|Cras Lorem Lorem Company|376554010816381
5|Herrod V. Bell|(246) 336-8228|Integer.sem@vitae.org|2015-04-03T10:38:34-07:00|Euismod In Dolor Company|372342766073066
6|Lareina Riggs|(734) 520-5194|mauris@euismodenim.ca|2016-08-24T00:18:40-07:00|Curabitur Egestas Industries|343792804245837
7|Maya V. Snow|(265) 887-9735|euismod@ac.net|2015-04-24T05:20:43-07:00|Ac Risus Consulting|342626755874133
8|Abel H. Hull|(722) 583-5333|ipsum.leo.elementum@dui.edu|2016-01-28T12:12:51-08:00|Odio Company|346433875039218
9|Yeo Guzman|(306) 567-4501|egestas.Sed@vitaedolor.org|2016-03-24T02:51:12-07:00|Donec Nibh Enim PC|4920717776892707
10|David Stanton|(804) 227-7232|eget.varius.ultrices@necmalesuadaut.co.uk|2015-04-07T19:21:30-07:00|Elementum Purus Accumsan Consulting|5315315523748286
11|Magee V. Case|(873) 129-9829|sapien.Cras.dolor@liberoest.org|2016-04-25T06:24:01-07:00|At Iaculis Associates|5130698546827772
12|Harding H. Mathis|(435) 581-7969|Curae@scelerisquesedsapien.org|2015-01-09T12:11:43-08:00|Fames Ac Company|5148008009283800
13|Lee S. Black|(953) 736-5562|Donec@orciUt.com|2016-11-01T16:18:18-07:00|A Neque Nullam Foundation|5153842753083448
14|McKenzie H. Mcfarland|(412) 876-9553|Ut@Nullasempertellus.ca|2015-04-09T02:19:02-07:00|Sem Mollis Dui LLP|5175922681768427
15|Brenden Martinez|(230) 412-9650|eu.elit@posuere.co.uk|2016-09-21T06:31:09-07:00|Eget Nisi Dictum Foundation|346069977889767
16|Byron Hopper|(602) 709-9036|risus.Morbi@placeratvelitQuisque.ca|2016-03-04T08:48:23-08:00|A Corporation|5184320819471033
17|Whoopi A. Hernandez|(935) 995-9950|rutrum@ametultriciessem.ca|2016-08-04T13:08:54-07:00|Nulla At Industries|5147791136717425
18|Callie Bridges|(184) 280-7951|ac@ipsum.ca|2015-02-02T00:31:55-08:00|Mus Donec Dignissim Foundation|4387406273186201
19|Brian F. Dean|(382) 233-5106|in.molestie@Curabitur.edu|2016-04-22T16:24:57-07:00|Ipsum Suspendisse Ltd|5326341363368550
20|Halla Kent|(202) 565-9144|lobortis.risus@sitamet.org|2016-04-13T09:02:04-07:00|Donec Elementum Lorem Ltd|372926691898142
21|Jermaine E. Hawkins|(166) 712-7887|dui.nec@atortor.co.uk|2015-10-15T00:02:43-07:00|Vel Corp.|375372995127457
22|Jana J. Hensley|(938) 778-8083|mi.Aliquam.gravida@sollicitudinadipiscingligula.co.uk|2015-06-15T20:21:30-07:00|Nunc PC|5119330150391900
23|Michelle Willis|(227) 208-3007|sapien.imperdiet.ornare@etnunc.org|2016-01-26T18:41:58-08:00|Vel Faucibus Company|346807601604615
24|Edan Chen|(465) 853-7659|amet.faucibus.ut@orci.edu|2016-06-19T23:56:04-07:00|In Molestie Foundation|5155870559508916
25|Yuri Mclaughlin|(736) 333-8826|posuere.cubilia.Curae@arcuimperdietullamcorper.org|2016-04-15T22:37:08-07:00|Ullamcorper Eu Ltd|4117285753739997
26|Elliott W. Lyons|(225) 623-0787|tellus.Nunc.lectus@egestas.com|2014-12-16T23:30:29-08:00|Ut Aliquam Consulting|345336846455939
27|Kirk N. Lester|(427) 138-3654|orci.adipiscing@odiosagittissemper.ca|2016-03-28T19:36:28-07:00|Diam At Foundation|4925877860886978
28|Cody Calderon|(240) 734-6917|a.tortor.Nunc@faucibusorci.ca|2016-10-06T15:29:11-07:00|Ligula LLC|5195316762141881
29|Francesca Hernandez|(263) 732-4125|ipsum.sodales.purus@Integeraliquamadipiscing.com|2016-02-06T13:58:54-08:00|Rhoncus Limited|5225033995392736
30|Nita T. Ferguson|(675) 966-6553|Cum@consectetuereuismod.org|2016-02-25T23:04:34-08:00|Arcu Et Pede Industries|345975662712004
31|Caryn K. Grant|(654) 287-5930|ullamcorper.velit@tristiqueac.net|2015-08-06T11:00:04-07:00|Phasellus LLC|371149327184071
32|Robert Y. Burnett|(620) 992-5573|mauris.elit.dictum@Nunc.co.uk|2015-08-01T11:04:08-07:00|Aenean Eget Inc.|342269862764511
33|Timon L. Noel|(410) 159-6954|id@egetmagna.co.uk|2015-08-27T01:20:38-07:00|Mattis Industries|374536525401282
34|Upton L. Wilson|(967) 809-6793|quam.elementum.at@leoin.co.uk|2015-02-11T20:47:52-08:00|Sed Nunc Est Corp.|5327527054566895
35|Hedda Carter|(249) 725-4479|Aenean.egestas.hendrerit@vestibulumloremsit.org|2016-06-14T07:46:21-07:00|Ac Industries|5378238735808991
36|Clio O. Beach|(139) 711-2902|erat.vitae@ultriciessem.org|2016-09-22T11:26:00-07:00|Facilisi Incorporated|4587929147435359
37|Ishmael Romero|(729) 865-7143|urna.justo.faucibus@maurisMorbi.edu|2015-05-09T13:42:01-07:00|Accumsan Corporation|345545509706713
38|Mary Y. Savage|(990) 919-7620|euismod.enim@egestas.net|2015-01-09T10:13:04-08:00|Lectus Pede Limited|5194506294550378
39|Tanner Brooks|(215) 785-4532|elit@quisarcuvel.net|2016-11-19T12:30:19-08:00|Rutrum Urna Nec LLC|4231316651776430
40|Deanna V. Murphy|(836) 320-3830|ipsum@ultricessit.co.uk|2015-02-03T21:24:17-08:00|Justo Faucibus Foundation|5347526874756447
41|Faith N. King|(858) 322-1118|ornare.lectus@elit.com|2015-06-28T03:41:32-07:00|Phasellus Elit Pede Industries|4998218183405691
42|Berk Z. Cortez|(983) 423-6203|eu.nulla@vulputaterisusa.com|2016-11-04T15:32:00-07:00|Praesent Industries|374383021200544
43|Bevis R. Bernard|(366) 671-5826|eros.Proin@nonbibendumsed.ca|2015-10-29T12:23:42-07:00|Nullam Vitae Diam Industries|5385534884040241
44|Kylie Armstrong|(694) 305-3759|Sed.eu@Cumsociisnatoque.com|2015-01-14T15:36:14-08:00|Facilisis Ltd|375366457142404
45|Larissa J. Mercado|(241) 444-0173|lacus.Quisque@sitamet.org|2016-09-24T16:54:00-07:00|Sapien Cursus In Industries|4197528938157481
46|Carson L. Olson|(883) 742-5497|blandit@aliquetmagnaa.net|2015-10-15T12:50:56-07:00|Neque Nullam Ut Limited|5146234662937934
47|Upton P. Banks|(750) 641-0884|purus.Duis.elementum@adipiscingenimmi.ca|2016-08-13T11:08:26-07:00|Natoque Penatibus Company|5137985390895040
48|Patricia Q. Blair|(286) 321-2442|Mauris.molestie@nibhsit.net|2015-02-17T23:08:14-08:00|Suspendisse Ac Institute|345754403053317
49|Hasad H. Cantu|(733) 578-6856|Donec.vitae@ProinmiAliquam.com|2016-11-24T11:54:27-08:00|A Auctor Non Limited|5474975290256550
50|Drake Davidson|(373) 563-5430|neque.In.ornare@sitamet.ca|2016-08-17T14:23:15-07:00|Aliquam Eu Accumsan Foundation|4543267542636027
51|Lewis Stein|(355) 344-3443|Cum.sociis@ullamcorper.ca|2015-05-09T13:57:47-07:00|Libero Dui Nec Associates|5176810949556525
52|Reed I. Walter|(577) 563-3569|sed.sapien.Nunc@tellusPhasellus.net|2016-05-04T19:44:43-07:00|Sit Amet Institute|4287052415311332
53|Xandra Brady|(756) 987-4432|netus.et.malesuada@adipiscingfringillaporttitor.edu|2016-05-21T09:18:49-07:00|Nunc Inc.|346365690465556
54|Libby C. Benton|(965) 216-9678|mattis.ornare@cursusvestibulumMauris.org|2016-11-20T18:43:32-08:00|Neque Venenatis Lacus Consulting|5144886965602638
55|Sarah Q. Velazquez|(693) 247-5420|mi@faucibus.com|2015-01-13T04:49:56-08:00|Nec Inc.|5374575801081951
56|Jade W. Hernandez|(879) 123-7673|a.felis@lobortisrisusIn.edu|2016-04-19T08:22:55-07:00|Sed Congue Foundation|5165385480029502
57|Clinton U. Cherry|(900) 378-1985|Integer.vitae.nibh@FuscefeugiatLorem.org|2016-11-29T21:24:35-08:00|Montes Nascetur Company|5188255430203868
58|Sean O. Greer|(909) 780-6104|nulla.Cras.eu@neque.edu|2015-02-27T02:23:00-08:00|Accumsan Convallis Ante Institute|4671635871706530
59|Claudia P. Spence|(907) 285-2088|aliquet@congueaaliquet.co.uk|2016-11-15T00:57:54-08:00|Elementum Purus Accumsan Foundation|346070224221331
60|Serena U. Hester|(176) 844-9605|vestibulum.Mauris.magna@malesuada.com|2015-11-27T06:51:50-08:00|Mauris Ipsum Porta Corp.|5113289425596598
61|Ciaran Y. Walsh|(499) 710-8558|egestas.Duis.ac@orcilobortisaugue.ca|2015-12-04T15:48:13-08:00|Nulla Tincidunt Neque PC|5126920214290737
62|Ora Chandler|(880) 419-9345|nibh.vulputate.mauris@lectusNullam.org|2016-01-02T15:48:00-08:00|Nullam Ut Corp.|4621955140540376
63|Zeph Osborn|(221) 183-3402|eu.ligula.Aenean@eu.com|2015-08-26T10:31:23-07:00|Neque Vitae PC|4259880532417444
64|Xavier Clark|(436) 853-6277|lacinia.Sed@necimperdiet.ca|2015-12-31T05:41:43-08:00|Fringilla Euismod Enim LLC|5162285468303591
65|Stella Sosa|(552) 882-2830|tempor.diam@sed.com|2015-04-01T13:26:58-07:00|Cras LLP|5179722568620921
66|Jena P. Scott|(966) 328-1766|eu@magnaUttincidunt.co.uk|2016-03-31T14:31:47-07:00|Consectetuer Limited|5494226789092647
67|Hayfa Richardson|(349) 675-6180|magna@consequatlectus.net|2016-01-31T06:55:55-08:00|Cras Pellentesque Corp.|5121078383089049
68|Leah F. Buck|(119) 380-1248|consequat.dolor@ipsumDonecsollicitudin.net|2016-03-23T22:13:07-07:00|Enim Nec Industries|5135177665688098
69|Demetria Craig|(269) 991-4012|tincidunt.tempus@cursusdiam.co.uk|2016-03-02T14:54:51-08:00|Semper Consulting|5188733083643016
70|Tanek P. Wheeler|(259) 338-1936|ultrices@vitaeorciPhasellus.com|2016-01-08T22:16:31-08:00|Eget PC|4342100482666869
71|Rashad Gay|(526) 861-6699|risus.Donec.egestas@consequatauctornunc.edu|2016-08-17T19:27:03-07:00|Aliquam Vulputate Ullamcorper Corporation|5172704540444536
72|Mikayla F. Justice|(787) 249-7518|placerat.orci@posuere.edu|2015-06-14T09:58:31-07:00|Sem LLP|348855490198357
73|Freya Wolf|(823) 556-8223|mattis.Cras@vitae.org|2016-01-26T21:37:59-08:00|Dolor LLP|5168040260272108
74|Faith Mejia|(465) 174-9562|dolor@semutcursus.org|2016-11-30T03:45:07-08:00|Metus Inc.|4582394244847815
75|Shoshana Edwards|(737) 785-0568|erat@facilisisnonbibendum.edu|2016-02-19T02:08:54-08:00|Tempor Est Inc.|374221947344952
76|Claire Case|(424) 360-8067|Nullam.feugiat@dictum.com|2016-07-15T19:43:26-07:00|A Malesuada Ltd|5177793154087849
77|Joel Humphrey|(892) 608-0928|ut.nulla.Cras@anteipsumprimis.com|2015-10-16T00:36:08-07:00|Tellus Faucibus Leo Inc.|379447408742276
78|Darius J. Vaughn|(725) 599-9168|porta.elit.a@Craseutellus.org|2016-09-21T00:52:25-07:00|Sociis Inc.|5170204864344558
79|Hedda H. Rowe|(665) 750-1354|erat.nonummy.ultricies@Proinegetodio.co.uk|2016-07-19T13:20:50-07:00|Auctor Mauris Corporation|5135337184662937
80|Orson O. Armstrong|(868) 466-9698|in@ligula.com|2016-10-26T04:11:30-07:00|Pretium PC|376944937772116
81|Jamalia E. Curtis|(498) 492-8088|eu@tempusscelerisque.ca|2015-09-14T10:54:38-07:00|Accumsan Interdum Libero Corp.|372453161865008
82|Tana Tillman|(678) 471-8183|nunc.sed.pede@euneque.org|2015-11-22T11:16:18-08:00|Cubilia Institute|5112148134219461
83|Cedric V. Chandler|(563) 635-7761|Sed@accumsaninterdum.co.uk|2015-01-18T23:22:28-08:00|Nulla Tempor Augue Incorporated|5188154619252305
84|McKenzie I. Shaffer|(723) 690-3311|facilisis.non.bibendum@nostra.ca|2015-02-09T16:55:49-08:00|Non Cursus LLP|347818852330559
85|Roth Burch|(514) 960-6669|malesuada@posuerecubiliaCurae.edu|2016-09-06T05:51:57-07:00|Consectetuer Adipiscing Industries|344703509982203
86|Reese Myers|(417) 685-4571|magna.et.ipsum@euaccumsansed.edu|2016-04-06T21:14:45-07:00|A Scelerisque Foundation|5362730420334267
87|Chaim Villarreal|(290) 480-0072|sapien.cursus@in.ca|2016-02-21T17:48:40-08:00|Ac Inc.|344357400337694
88|Callum R. Reese|(226) 554-4576|interdum.libero.dui@Vestibulumanteipsum.co.uk|2014-12-09T04:11:23-08:00|Neque Consulting|5335290530025952
89|Dakota T. Figueroa|(888) 788-8882|neque.non@libero.net|2015-09-05T15:50:09-07:00|Metus In Nec Consulting|5129894007546826
90|Jermaine Davidson|(767) 588-5836|dis.parturient@turpis.ca|2015-02-10T10:02:27-08:00|Tempor Lorem Eget Industries|4942762455902993
91|Harper U. Hogan|(856) 385-9972|diam.eu@Namtempordiam.org|2016-04-09T01:49:25-07:00|Quam Elementum Consulting|5138579955664462
92|Thaddeus D. Newton|(334) 753-9912|imperdiet.non.vestibulum@est.org|2015-02-10T12:21:26-08:00|Feugiat Non Lobortis Institute|4468142218375579
93|Meredith Z. Terry|(283) 247-0121|Donec.sollicitudin@purusgravidasagittis.edu|2015-08-05T09:17:23-07:00|Lobortis Class Industries|375647175964439
94|Shellie Q. Mcdonald|(414) 941-8290|enim.diam@pulvinar.co.uk|2016-10-09T01:47:48-07:00|Lacinia PC|345456800890626
95|Ella N. Barron|(625) 294-0235|arcu.eu.odio@imperdietdictummagna.com|2015-11-24T15:44:49-08:00|Tristique Incorporated|5399099690183064
96|Callie Sweeney|(195) 181-2854|ullamcorper.Duis@vitaenibhDonec.org|2015-03-20T07:55:55-07:00|Enim Limited|5136194328265264
97|Callie X. Golden|(786) 739-7047|non.lorem@idsapienCras.org|2015-10-30T20:42:03-07:00|Quam Quis Diam Associates|5148794797998857
98|Kareem O. Hull|(146) 747-0186|Nam@In.edu|2016-05-19T16:07:10-07:00|Aliquam Eros Institute|372017807327218
99|Quinn Montgomery|(653) 580-3917|Nunc.lectus.pede@convallisante.com|2016-10-10T11:22:32-07:00|Libero Et Tristique Consulting|5161371993995278
100|Jerry Kane|(528) 684-2627|sed.orci.lobortis@Nullatemporaugue.ca|2016-09-25T02:40:27-07:00|Pretium Neque Inc.|5137527881683780
